1	Phillips Exeter Academy	NH
2	The Lawrenceville School	NJ
3	Choate Rosemary Hall	CT
4	The Webb Schools	CA
5	St. Andrew's School, DE	DE
6	Episcopal High School	VA
7	Emma Willard School	NY
8	St. Stephen's Episcopal School TX	TX
9	The Hill School	PA
10	Western Reserve Academy	OH
11	St. George's School	RI
12	Georgetown Preparatory School	MD
13	Culver Academies	IN
14	Lake Forest Academy	IL
15	Saint Andrew's School	FL
16	Iolani School	HI
17	Cranbrook Schools	MI
18	Thomas Jefferson School	MO
19	Baylor School	TN
20	Wayland Academy	WI
21	Fountain Valley School of Colorado	CO
22	Saint Mary's School	NC
23	St. Paul's School	NH
24	Peddie School	NJ
25	The Hotchkiss School	CT
26	Cate School	CA
27	The Madeira School	VA
28	The Stony Brook School	NY
29	The Village School	TX
30	Mercersburg Academy	PA
31	Portsmouth Abbey School	RI
32	North Broward Preparatory School	FL
33	Holderness School	NH
34	Blair Academy	NJ
35	The Taft School	CT
36	The Thacher School	CA
37	Virginia Episcopal School	VA
38	Millbrook School	NY
39	Westtown School	PA
40	The Bolles School	FL
41	Kimball Union Academy	NH
42	The Pennington School	NJ
43	Suffield Academy	CT
44	Stevenson School	CA
45	Woodberry Forest School	VA
46	George School	PA
47	Windermere Preparatory School	FL
48	Princeton International School of Mathematics and Science	NJ
49	Kent School	CT
50	The Athenian School	CA
51	Shady Side Academy	PA
52	The Hun School of Princeton	NJ
53	Westminster School	CT
54	Woodside Priory School	CA
55	The Grier School	PA
56	Elite Preparatory Academy	NJ
57	The Loomis Chaffee School	CT
58	Miss Porter's School	CT
59	Pomfret School	CT
60	The Ethel Walker School	CT
61	Westover School	CT
62	Canterbury School	CT
63	Dublin School	NH
64	The Pingry School	NJ
65	Hopkins School	CT
66	The College Preparatory School	CA
67	Tower Hill School	DE
68	BASIS Independent McLean	VA
69	Riverdale Country School	NY
70	St. John's School	TX
71	Germantown Friends School	PA
72	University School	OH
73	The Wheeler School	RI
74	Holton-Arms School	MD
75	International School of Indiana	IN
76	British International School of Chicago, South Loop	IL
77	Dwight Global Online School	FL
78	Punahou School	HI
79	Greenhills School	MI
80	John Burroughs School	MO
81	St. George's Independent School - Collierville Campus	TN
82	Madison Country Day School	WI
83	Kent Denver School	CO
84	Greensboro Day School	NC
85	New Hampton School	NH
86	Newark Academy	NJ
87	Pierrepont School	CT
88	Stanford Online High School	CA
89	Wilmington Friends School	DE
90	The Madeira School	VA
91	The Brearley School	NY
92	St. Mark's School of Texas	TX
93	The Episcopal Academy	PA
94	The Seven Hills School	OH
95	Moses Brown School	RI
96	The Bryn Mawr School	MD
97	Park Tudor School	IN
98	Roycemore School	IL
99	American Heritage Schools, Broward Campus	FL
100	Asia Pacific International School	HI
101	Detroit Country Day School	MI
102	MICDS - Mary Institute & St. Louis Country Day School	MO
103	Lausanne Collegiate School	TN
104	Brookfield Academy	WI
105	Colorado Academy	CO
106	Cary Academy	NC
107	The Derryfield School	NH
108	Delbarton School	NJ
109	Miss Porter's School	CT
110	Harvard-Westlake School	CA
111	Archmere Academy	DE
112	The Potomac School	VA
113	Regis High School	NY
114	The John Cooper School	TX
115	Linden Hall School for Girls	PA
116	Columbus Academy	OH
117	Providence Country Day School	RI
118	Gilman School	MD
119	La Lumiere School	IN
120	North Shore Country Day	IL
121	Ransom Everglades School	FL
122	Seabury Hall	HI
123	Interlochen Arts Academy	MI
124	Rockhurst High School	MO
125	University School of Nashville	TN
126	University School of Milwaukee	WI
127	Denver Jewish Day School	CO
128	Durham Academy	NC
129	Proctor Academy	NH
130	Princeton Day School	NJ
131	Hamden Hall Country Day School	CT
132	The Nueva School	CA
133	Sanford School	DE
134	Veritas Collegiate Academy	VA
135	The Chapin School	NY
136	The Awty International School	TX
137	Moravian Academy	PA
138	Cincinnati Country Day School	OH
139	Lincoln School	RI
140	Rochambeau The French International School	MD
141	Brebeuf Jesuit Preparatory School	IN
142	Francis W.Parker School	IL
143	Berkeley Preparatory School	FL
144	Le Jardin Academy	HI
145	The Roeper School	MI
146	The Barstow School	MO
147	St. Mary's Episcopal School	TN
148	The Prairie School	WI
149	St. Mary's Academy	CO
150	Providence Day School	NC
151	Brewster Academy	NH
152	Rutgers Preparatory School	NJ
153	The Bishop's School	CA
154	The Tatnall School	DE
155	Pinnacle Academy	VA
156	Rye Country Day School	NY
157	The Hockaday School	TX
158	The Shipley School	PA
159	Hawken School	OH
160	St. Andrew's School	RI
161	Landon School	MD
162	Eman Schools	IN
163	Lycee Francais de Chicago	IL
164	American Heritage School, Palm Beach Campus	FL
165	Hawai'I Preparatory Academy	HI
166	University Liggett School	MI
167	The Whitfield School	MO
168	McCallie School	TN
169	St. John's Northwestern Academies	WI
170	Dawson School	CO
171	Salem Academy	NC
172	US Performance Academy	NH
173	Kent Place School	NJ
174	Flintridge Preparatory School	CA
175	Salesianum School	DE
176	Ideaventions Academy for Math and Science	VA
177	Horace Mann School	NY
178	Greenhill School	TX
179	Friends Select School	PA
180	Hathaway Brown School	OH
181	Rocky Hill Country Day School	RI
182	Key School	MD
183	Canterbury School	IN
184	Latin School of Chicago	IL
185	Posnack Jewish Day School	FL
186	Maui Preparatory Academy	HI
187	Rudolf Steiner School of Ann Arber	MI
188	Pembroke Hill School	MO
189	Montgomery Bell Academy	TN
190	University Lake School	WI
191	The Colorado Springs School	CO
192	Charlotte Country Day School	NC
193	Tilton School	NH
194	The Wardlaw+Hartridge School	NJ
195	Windward School	CA
196	Delaware Valley Classical School	DE
197	Norfolk Academy	VA
198	Trinity School	NY
199	The Kinkaid School	TX
200	Friends' Central School	PA
201	Laurel School	OH
202	La Salle Academy	RI
203	St. Timothy's School	MD
204	Cathedral High School	IN
205	The University of Chicago Laboratory Schools	IL
206	NSU University School	FL
207	Mid-Pacific Institute	HI
208	Michigan Islamic Academy	MI
209	Columbia Independent School	MO
210	Hutchison School	TN
211	St. Lawrence Seminary High School	WI
212	Crescent View Academy	CO
213	Ravenscroft School	NC
214	Waterville Valley Academy	NH
215	Stuart Country Day School of the Sacred Heart	NJ
216	Sage Hill School	CA
217	Caravel Academy	DE
218	Blue Ridge School	VA
219	The Dalton School	NY
220	Cistercian Preparatory School	TX
221	The Agnes Irwin School	PA
222	The Miami Valley School	OH
223	Bishop Hendricken High School	RI
224	McDonogh School	MD
225	University High School of Indiana	IN
226	Beacon Academy	IL
227	Pine Crest School - Fort Lauderdale Campus	FL
228	Island School	HI
229	Frankel Jewish Academy of Metro Detroit	MI
230	Saint Louis Priory School	MO
231	The Ensworth School	TN
232	Marquette University High School	WI
233	Colorado Rocky Mountain School	CO
234	Christ School	NC
235	The Quarry Lane School	CA
236	Ursuline Academy	DE
237	St. Stephen's and St. Agnes School	VA
238	The Spence School	NY
239	TMI Episcopal	TX
240	The Wellington School	OH
241	St. Mary Academy - Bay View	RI
242	Bullis School	MD
243	Andrean High School	IN
244	Saint Ignatius College Prep	IL
245	Gulliver Preparatory School	FL
246	Parker School	HI
247	Academy of the Sacred Heart	MI
248	Visitation Academy	MO
249	Memphis University School	TN
250	Divine Savior Holy Angels High School	WI
251	Vail Christian High School	CO
252	Charlotte Latin School	NC
253	Padua Academy	DE
254	Fairfax Christian School	VA
255	Ethical Culture Fieldston School	NY
256	Saint Mary's Hall	TX
257	Maumee Valley Country Day School	OH
258	Barrington Christian Academy	RI
259	Stone Ridge School of the Sacred Heart	MD
260	Trinity School at Greenlawn	IN
261	The Chicago Academy for the Arts	IL
262	Miami Country Day School	FL
263	La Pietra - Hawai'I School for Girls	HI
264	Brother Rice High School	MI
265	Principia School	MO
266	Harpeth Hall School	TN
267	North Cedar Academy	WI
268	Vail Mountain School	CO
269	Trinity School of Durham & Chapel Hill	NC
270	Red Lion Christian Academy	DE
271	Foxcroft School	VA
272	Avenues The World School	NY
273	The Episcopal School of Dallas	TX
274	The Summit Country Day School	OH
275	The Park School of Baltimore	MD
276	Oak Farm Montessori School	IN
277	Academy High	IL
278	Donna Klein Jewish Academy	FL
279	St. Joseph School - Hilo	HI
280	University of Detroit Jesuit High School and Academy	MI
281	Notre Dame de Sion High School	MO
282	The Webb School	TN
283	Dominican High School	WI
284	The Denver Waldorf School	CO
285	Gaston Day School	NC
286	BASIS Independent Brooklyn	NY
287	British International School of Houston	TX
288	Columbus School for Girls	OH
289	St. Andrew's Episcopal School	MD
290	MTI School of Knowledge	IN
291	Morgan Park Academy	IL
292	Carrollton School of the Sacred Heart	FL
293	American Renaissance Academy	HI
294	Notre Dame Preparatory School	MI
295	Crossroads College Preparatory School	MO
296	Webb School of Knoxville	TN
297	Eastbrook Academy	WI
298	Steamboat Mountain School	CO
299	Forsyth Country Day School	NC
300	Convent of the Sacred Heart	NY
301	Austin Peace Academy	TX
302	The Schilling School for Gifted Children	OH
303	Saint James School	MD
304	St. Theodore Guerin High School	IN
305	Christian Heritage Academy	IL
306	Palmer Trinity School	FL
307	Hawaii Baptist Academy	HI
308	Mercy High School	MI
309	Thomas Jefferson Independent Day School	MO
310	Christian Brothers High School	TN
311	Wisconsin Lutheran High School	WI
312	Regis Jesuit High School	CO
313	Fayetteville Academy	NC
314	St. Xavier High School	OH
315	Our Lady of Good Counsel High School	MD
316	Central Catholic Jr. - Sr. High School	IN
317	Northridge Preparatory School	IL
318	Kaimuki Christian School	HI
319	Southfield Christian School	MI
320	St. Louis University High School	MO
321	University School of Jackson	TN
322	Edgewood High School of the Sacred Heart	WI
323	September School	CO
324	Asheville School	NC
